Workbook

Sheet Patient_Log
A1: Date | B1: Unit | C1: Visit_Window | D1: Room | E1: Available | F1: Interaction_Time_Min | G1: Notes | H1: Reason
A2: 2026-08-06 | B2: 3 West | C2: 8:00 AM | E2: Yes | F2: 4
A3: 2026-08-06 | B3: 3 West | C3: 8:00 AM | E3: Yes | F3: 4
A4: 2026-08-06 | B4: 3 West | C4: 8:00 AM | E4: Yes | F4: 4
A5: 2026-08-06 | B5: 3 West | C5: 8:00 AM | E5: Yes | F5: 5
A6: 2026-08-06 | B6: 2 East | C6: 8:00 AM | E6: Yes | F6: 6
A7: 2026-08-06 | B7: 2 East | C7: 8:00 AM | E7: Yes | F7: 6
A8: 2026-08-06 | B8: 2 East | C8: 8:00 AM | E8: Yes | F8: 6
A9: 2026-08-06 | B9: 2 East | C9: 8:00 AM | E9: Yes | F9: 6
A10: 2026-08-06 | B10: 2 East | C10: 8:00 AM | E10: Yes | F10: 6
A11: 2026-08-06 | B11: 2 East | C11: 8:00 AM | E11: Yes | F11: 9.28
A12: 2026-08-06 | B12: 3 West | C12: 11:00 AM | E12: Yes | F12: 4
A13: 2026-08-06 | B13: 3 West | C13: 11:00 AM | E13: Yes | F13: 4
A14: 2026-08-06 | B14: 3 West | C14: 11:00 AM | E14: No | G14: Was not tracking "Reason" at this time. | H14: Other
A15: 2026-08-06 | B15: 2 East | C15: 11:00 AM | E15: No | G15: Was not tracking "Reason" at this time. | H15: Other
A16: 2026-08-06 | B16: 3 West | C16: 2:30 PM | D16: 24 | E16: Yes | F16: 5.58
A17: 2026-08-06 | B17: 3 West | C17: 2:30 PM | D17: 26 | E17: Yes | F17: 3.08
A18: 2026-08-06 | B18: 3 West | C18: 2:30 PM | D18: 25 | E18: No | G18: Was not tracking "Reason" at this time. | H18: Other
A19: 2026-08-06 | B19: 2 East | C19: 2:30 PM | D19: 01 | E19: Yes | F19: 12.74 | G19: Took long bc I collected Likes and Dislikes
A20: 2026-08-07 | B20: 3 West | C20: 8:00 AM | D20: 26 | E20: Yes | F20: 6
A21: 2026-08-07 | B21: 3 West | C21: 8:00 AM | D21: 17 | E21: Yes | F21: 6
A22: 2026-08-07 | B22: 3 West | C22: 8:00 AM | D22: 35 | E22: No | G22: Was not tracking "Reason" at this time. | H22: Other
A23: 2026-08-07 | B23: 3 West | C23: 2:30 PM | D23: 6 | E23: Yes | F23: 10
A24: 2026-08-07 | B24: 3 West | C24: 2:30 PM | D24: 25 | E24: No | G24: Transfer to Tele | H24: Discharged/Transferred
A25: 2026-08-07 | B25: 2 East | C25: 2:30 PM | D25: 01 | E25: No | G25: Discharged | H25: Discharged/Transferred
A26: 2026-08-07 | B26: 2 East | C26: 2:30 PM | D26: 18 | E26: Yes | F26: 13.45
A27: 2026-08-07 | B27: 2 East | C27: 2:30 PM | D27: 28 | E27: Yes | F27: 12.36
A28: 2026-08-07 | B28: 3 West | C28: 2:30 PM | D28: 35 | E28: Yes | F28: 8.37
A29: 2026-08-10 | B29: 3 West | C29: 11:00 AM | D29: 05 | E29: Yes | F29: 13.87
A30: 2026-08-10 | B30: 3 West | C30: 11:00 AM | D30: 06 | E30: Yes | F30: 12.53
A31: 2026-08-10 | B31: 3 West | C31: 11:00 AM | D31: 29 | E31: Yes | F31: 5.29
A32: 2026-08-10 | B32: 3 West | C32: 11:00 AM | D32: 17 | E32: No
A33: 2026-08-10 | B33: 2 East | C33: 11:00 AM | D33: 28 | E33: Yes | F33: 8.25
A34: 2026-08-11 | B34: 3 West | C34: 8:00 AM | D34: 04 | E34: Yes | F34: 3.66
A35: 2026-08-11 | B35: 3 West | C35: 8:00 AM | D35: 05 | E35: Yes | F35: 9.04
A36: 2026-08-11 | B36: 3 West | C36: 8:00 AM | D36: 09 | E36: Yes | F36: 0.04 | G36: refused okay w/ w/e
A37: 2026-08-11 | B37: 3 West | C37: 8:00 AM | D37: 29 | E37: Yes | F37: 1.96
A38: 2026-08-11 | B38: 2 East | C38: 8:00 AM | D38: 28 | E38: No | G38: expects to DC today | H38: Discharged/Transferred
A39: 2026-08-11 | B39: 2 East | C39: 8:00 AM | D39: 11 | E39: No | G39: Dr rounding | H39: With Provider
A40: 2026-08-11 | B40: 2 East | C40: 8:00 AM | D40: 18 | E40: No | G40: Dr rounding | H40: With Provider
A41: 2026-08-11 | B41: 2 East | C41: 11:00 AM | D41: 18 | E41: Yes | F41: 0.53 | G41: very restrictive needs. Expects to be on TPN
A42: 2026-08-11 | B42: 2 East | C42: 11:00 AM | D42: 11 | E42: No | G42: With the Dr. Overheard psych mentioned. Possible IPU? | H42: Discharged/Transferred
A43: 2026-08-12 | B43: 3 West | C43: 11:00 AM | D43: 03 | E43: Yes | F43: 26.11 | G43: took long for adding LDAs
A44: 2026-08-12 | B44: 3 West | C44: 11:00 AM | D44: 04 | E44: Yes | F44: 3.34
A45: 2026-08-12 | B45: 3 West | C45: 11:00 AM | D45: 05 | E45: Yes | F45: 10.62
A46: 2026-08-12 | B46: 3 West | C46: 2:30 PM | D46: 17 | E46: Yes | F46: 14.36
A47: 2026-08-12 | B47: 3 West | C47: 2:30 PM | D47: 29 | E47: Yes | F47: 1.01
A48: 2026-08-12 | B48: 2 East | C48: 2:30 PM | D48: 01 | E48: Yes | F48: 3.89
A49: 2026-08-12 | B49: 2 East | C49: 2:30 PM | D49: 20 | E49: Yes | F49: 3.28
A50: 2026-08-12 | B50: 2 East | C50: 2:30 PM | D50: 24 | E50: No | G50: asleep | H50: Sleeping/Incapacitated
A51: 2026-08-12 | B51: 2 East | C51: 2:30 PM | D51: 17 | E51: No | G51: couldn't find room? | H51: Other
A52: 2026-08-13 | B52: 3 West | C52: 2:30 PM | D52: 03 | E52: Yes | F52: 12.97
A53: 2026-08-13 | B53: 3 West | C53: 2:30 PM | D53: 17 | E53: No | G53: discharging | H53: Discharged/Transferred
A54: 2026-08-13 | B54: 3 West | C54: 2:30 PM | D54: 29 | E54: Yes | F54: 1.07 | G54: patient in pain. said "soup" for L&D
A55: 2026-08-13 | B55: 3 West | C55: 2:30 PM | D55: 06 | E55: No | G55: pt not in room | H55: Not in Room
A56: 2026-08-13 | B56: 2 East | C56: 2:30 PM | D56: 20 | E56: No | G56: pt not in room | H56: Not in Room
A57: 2026-08-13 | B57: 2 East | C57: 2:30 PM | D57: 13 | E57: Yes | F57: 5.52
A58: 2026-08-13 | B58: 2 East | C58: 2:30 PM | D58: 18 | E58: No | G58: pt only eats honeydew melon? | H58: Other
A59: 2026-08-13 | B59: 2 East | C59: 2:30 PM | D59: 24 | E59: No | G59: with a provider | H59: With Provider
A60: 2026-08-13 | B60: 2 East | C60: 2:30 PM | D60: 17 | E60: No | G60: provider in room | H60: With Provider
A61: 2026-08-14 | B61: 3 West | C61: 2:30 PM | D61: 05 | E61: No | G61: with a provider | H61: With Provider
A62: 2026-08-14 | B62: 3 West | C62: 2:30 PM | D62: 09 | E62: No | G62: pt sleeping | H62: Sleeping/Incapacitated
A63: 2026-08-14 | B63: 3 West | C63: 2:30 PM | D63: 29 | E63: Yes | F63: 3.39
A64: 2026-08-14 | B64: 2 East | C64: 2:30 PM | D64: 13 | E64: Yes | F64: 2.42
A65: 2026-08-14 | B65: 2 East | C65: 2:30 PM | D65: 20 | E65: Yes | F65: 23.01
A66: 2026-08-17 | B66: 3 West | C66: 2:30 PM | D66: 04 | E66: Yes | F66: 3.93
A67: 2026-08-17 | B67: 3 West | C67: 2:30 PM | D67: 03 | E67: Yes | F67: 4.39
A68: 2026-08-17 | B68: 3 West | C68: 2:30 PM | D68: 02 | E68: Yes | F68: 8.07
A69: 2026-08-17 | B69: 3 West | C69: 2:30 PM | D69: 05 | E69: No | G69: possible DC? Bed was stripped | H69: Discharged/Transferred
A70: 2026-08-17 | B70: 3 West | C70: 2:30 PM | D70: 09 | E70: Yes | F70: 1.76 | G70: Patient only wanted to confirm tonight's dinner. And then said "whatever is fine"
A71: 2026-08-17 | B71: 3 West | C71: 2:30 PM | D71: ICU6 | E71: Yes | F71: 3.09
A72: 2026-08-17 | B72: 3 West | C72: 2:30 PM | D72: 07 | E72: Yes | F72: 4.44
A73: 2026-08-17 | B73: 3 West | C73: 2:30 PM | D73: 06 | E73: Yes | F73: 5.27
A74: 2026-08-17 | B74: 2 East | C74: 2:30 PM | D74: 18 | E74: Yes | F74: 3.62
A75: 2026-08-17 | B75: 2 East | C75: 2:30 PM | D75: 13 | E75: Yes | F75: 4.88
A76: 2026-08-19 | B76: 3 West | C76: 2:30 PM | D76: 03 | E76: Yes | F76: 6.81
A77: 2026-08-19 | B77: 3 West | C77: 2:30 PM | D77: 07 | E77: Yes | F77: 2.95
A78: 2026-08-19 | B78: 3 West | C78: 2:30 PM | D78: 29 | E78: Yes | F78: 5.52
A79: 2026-08-19 | B79: 3 West | C79: 2:30 PM | D79: 17 | E79: Yes | F79: 2.25
A80: 2026-08-19 | B80: 3 West | C80: 2:30 PM | D80: 31 | E80: Yes | F80: 2.28
A81: 2026-08-19 | B81: 3 West | C81: 2:30 PM | D81: 26 | E81: Yes | F81: 3.72
A82: 2026-08-19 | B82: 3 West | C82: 2:30 PM | D82: 04 | E82: Yes | F82: 3.57
... A84: 2026-08-20 | B84: 3 West | C84: 2:30 PM | D84: 03 | E84: Yes | F84: 3.53
A85: 2026-08-20 | B85: 3 West | C85: 2:30 PM | D85: 06 | E85: No | G85: Discharged | H85: Discharged/Transferred
A86: 2026-08-20 | B86: 3 West | C86: 2:30 PM | E86: Yes | F86: 3
A87: 2026-08-20 | B87: 3 West | C87: 2:30 PM | E87: Yes | F87: 3
A88: 2026-08-20 | B88: 3 West | C88: 2:30 PM | E88: No | G88: ghost row added when cleaning data. "Reason" unknown | H88: Other
A89: 2026-08-20 | B89: 2 East | C89: 2:30 PM | E89: Yes | F89: 4
A90: 2026-08-20 | B90: 2 East | C90: 2:30 PM | E90: Yes | F90: 4
A91: 2026-08-20 | B91: 2 East | C91: 2:30 PM | E91: Yes | F91: 4
A92: 2026-08-20 | B92: 2 East | C92: 2:30 PM | E92: Yes | F92: 4
A93: 2026-08-20 | B93: 2 East | C93: 2:30 PM | D93: 01 | E93: Yes | F93: 3.71
A94: 2026-08-21 | B94: 3 West | C94: 2:30 PM | D94: 31 | E94: Yes | F94: 3.54
A95: 2026-08-21 | B95: 3 West | C95: 2:30 PM | D95: 2 | E95: No | G95: nurse notified that pt busy having a "bowel movement". Pt Incapacitated | H95: Sleeping/Incapacitated
A96: 2026-08-21 | B96: 2 East | C96: 2:30 PM | D96: 01 | E96: No | G96: pt discharged. bed stripped & cleaned. | H96: Discharged/Transferred
A97: 2026-08-21 | B97: 2 East | C97: 2:30 PM | D97: 20 | E97: Yes | F97: 9.01
A98: 2026-08-21 | B98: 2 East | C98: 2:30 PM | D98: 26 | E98: No | G98: pt not in room | H98: Not in Room
A99: 2026-08-21 | B99: 2 East | C99: 2:30 PM | D99: 28 | E99: Yes | F99: 4.14 | G99: really liked tomato soup
A100: 2026-08-23 | B100: 2 East | C100: 2:30 PM | D100: C01 | E100: Yes | F100: 1.22
A101: 2026-08-23 | B101: 2 East | C101: 2:30 PM | D101: B18 | E101: Yes | F101: 0.81
...

Sheet Unit_Log
A1: Date | B1: Unit | C1: Visit_Window | D1: Patients_Attempted | E1: Patients_Seen | F1: Patients_Unavailable | G1: Session_Duration_Min
A2: 2026-07-29 | D2: 12 | E2: 8 | F2: =IFERROR(D2-E2,0) -> 4 | G2: 70
A3: 2026-07-30 | D3: 8 | E3: 8 | F3: =IFERROR(D3-E3,0) -> 0
A4: 2026-07-31 | D4: 8 | E4: 8 | F4: =IFERROR(D4-E4,0) -> 0
A5: 2026-08-03 | D5: 9 | E5: 9 | F5: =IFERROR(D5-E5,0) -> 0
A6: 2026-08-04 | D6: 9 | E6: 8 | F6: =IFERROR(D6-E6,0) -> 1
A7: 2026-08-05 | D7: 8 | E7: 8 | F7: =IFERROR(D7-E7,0) -> 0
A8: 2026-08-06 | B8: 3 West | C8: 8:00 AM | D8: 4 | E8: 4 | F8: =IFERROR(D8-E8,0) -> 0 | G8: 17
A9: 2026-08-06 | B9: 2 East | C9: 8:00 AM | D9: 6 | E9: 6 | F9: =IFERROR(D9-E9,0) -> 0 | G9: 39
A10: 2026-08-06 | B10: 3 West | C10: 11:00 AM | D10: 2 | E10: 1 | F10: =IFERROR(D10-E10,0) -> 1 | G10: 9
A11: 2026-08-06 | B11: 2 East | C11: 11:00 AM | D11: 1 | E11: 0 | F11: =IFERROR(D11-E11,0) -> 1 | G11: 1
A12: 2026-08-06 | B12: 3 West | C12: 2:30 PM | D12: 3 | E12: 2 | F12: =IFERROR(D12-E12,0) -> 1
A13: 2026-08-06 | B13: 2 East | C13: 2:30 PM | D13: 1 | E13: 1 | F13: =IFERROR(D13-E13,0) -> 0 | G13: 13
A14: 2026-08-07 | B14: 3 West | C14: 8:00 AM | D14: 3 | E14: 2 | F14: =IFERROR(D14-E14,0) -> 1
A15: 2026-08-07 | B15: 3 West | C15: 2:30 PM | D15: 3 | E15: 2 | F15: =IFERROR(D15-E15,0) -> 1
A16: 2026-08-07 | B16: 2 East | C16: 2:30 PM | D16: 3 | E16: 2 | F16: 1
A17: 2026-08-10 | B17: 3 West | C17: 11:00 AM | D17: 4 | E17: 3 | F17: =IFERROR(D17-E17,0) -> 1 | G17: 37
A18: 2026-08-10 | B18: 2 East | C18: 11:00 AM | D18: 1 | E18: 1 | F18: =IFERROR(D18-E18,0) -> 0 | G18: 8
A19: 2026-08-11 | B19: 3 West | C19: 8:00 AM | D19: 4 | E19: 4 | F19: =IFERROR(D19-E19,0) -> 0 | G19: 20
A20: 2026-08-11 | B20: 2 East | C20: 8:00 AM | D20: 3 | E20: 0 | F20: =IFERROR(D20-E20,0) -> 3 | G20: 2
A21: 2026-08-12 | B21: 3 West | C21: 11:00 AM | D21: 3 | E21: 3 | F21: 0 | G21: 42.62
A22: 2026-08-12 | B22: 3 West | C22: 2:30 PM | D22: 2 | E22: 2 | F22: 0 | G22: 19.12
A23: 2026-08-12 | B23: 2 East | C23: 2:30 PM | D23: 4 | E23: 2 | F23: 2 | G23: 11.43
A24: 2026-08-13 | B24: 3 West | C24: 2:30 PM | D24: 4 | E24: 2 | F24: 2 | G24: 19.03
A25: 2026-08-13 | B25: 2 East | C25: 2:30 PM | D25: 5 | E25: 1 | F25: 4 | G25: 10.49
A26: 2026-08-14 | B26: 3 West | C26: 2:30 PM | D26: 3 | E26: 1 | F26: 2 | G26: 5.24
A27: 2026-08-14 | B27: 2 East | C27: 2:30 PM | D27: 2 | E27: 2 | F27: 0 | G27: 28.65
A28: 2026-08-17 | B28: 3 West | C28: 2:30 PM | D28: 8 | E28: 7 | F28: 1 | G28: 43.78
A29: 2026-08-17 | B29: 2 East | C29: 2:30 PM | D29: 2 | E29: 2 | F29: 0 | G29: 14.24
A30: 2026-08-19 | B30: 3 West | C30: 2:30 PM | D30: 8 | E30: 8 | F30: 0 | G30: 45.85
A31: 2026-08-20 | B31: 3 West | C31: 2:30 PM | D31: 5 | E31: 3 | F31: 2 | G31: 9.78
A32: 2026-08-20 | B32: 2 East | C32: 2:30 PM | D32: 5 | E32: 5 | F32: 0 | G32: 19.78
... A122: 2026-09-29 | B122: 3 West | C122: 2:00 PM | D122: 1 | E122: 1 | F122: 0 | G122: 8
A123: 2026-09-30 | B123: 2 East | C123: 12:30 PM | D123: 2 | E123: 2 | F123: 0 | G123: 24.76
A124: 2026-09-30 | B124: 3 West | C124: 12:30 PM | D124: 2 | E124: 2 | F124: 0 | G124: 17.86
A125: 2026-09-30 | B125: ICU | C125: 12:30 PM | D125: 2 | E125: 2 | F125: 0 | G125: 19.81
A126: 46296 | B126: 3 West | C126: 6:30 PM | D126: 7 | E126: 4 | F126: 3 | G126: 21.56
A127: 46296 | B127: ICU | C127: 6:30 PM | D127: 1 | E127: 1 | F127: 0 | G127: 12.24
A128: 46296 | B128: 2 East | C128: 6:30 PM | D128: 1 | E128: 1 | F128: 0 | G128: 2.17
A129: 46297 | B129: 2 East | C129: 3:30 PM | D129: 1 | E129: 0 | F129: 1 | G129: 1.42
A130: 46297 | B130: 3 West | C130: 3:30 PM | D130: 4 | E130: 3 | F130: 1 | G130: 25.3
A131: 46297 | B131: ICU | C131: 3:30 PM | D131: 2 | E131: 0 | F131: 2 | G131: 3.11
A132: 46298 | B132: 2 East | C132: 3:00 PM | D132: 1 | E132: 1 | F132: 0 | G132: 8.37
A133: 46298 | B133: 3 West | C133: 3:00 PM | D133: 3 | E133: 2 | F133: 1 | G133: 11.33
A134: 46298 | B134: ICU | C134: 3:00 PM | D134: 2 | E134: 0 | F134: 2 | G134: 2.06
A135: 46299 | B135: 2 East | C135: 5:00 PM | D135: 2 | E135: 1 | F135: 1 | G135: 3.44
A136: 46299 | B136: 3 West | C136: 5:00 PM | D136: 4 | E136: 4 | F136: 0 | G136: 14.84
A137: 46299 | B137: 2 East | C137: 6:30 PM | D137: 1 | E137: 1 | F137: 0 | G137: 1.59
... A144: 46302 | B144: 2 East | C144: 2:00 PM | D144: 3 | E144: 3 | F144: 0 | G144: 30
A145: 46303 | B145: 3 West | C145: 1:30 PM | D145: 4 | E145: 2 | F145: 2 | G145: 31.99
A146: 46303 | B146: 2 East | C146: 1:30 PM | D146: 4 | E146: 4 | F146: 0 | G146: 25.24
A147: 46304 | B147: 2 East | C147: 1:30 PM | D147: 5 | E147: 2 | F147: 3 | G147: 17.83
A148: 46304 | B148: 2 East | C148: 6:30 PM | D148: 2 | E148: 2 | F148: 0 | G148: 20.41
A149: 46304 | B149: 3 West | C149: 6:30 PM | D149: 4 | E149: 3 | F149: 1 | G149: 10.43
A150: 46304 | B150: ICU | C150: 6:30 PM | D150: 2 | E150: 1 | F150: 1 | G150: 14.86
A151: 46305 | B151: 2 East | C151: 6:30 PM | D151: 4 | E151: 3 | F151: 1 | G151: 19.06
A152: 46305 | B152: 3 West | C152: 6:30 PM | D152: 3 | E152: 2 | F152: 1 | G152: 6.4
A153: 46305 | B153: ICU | C153: 6:30 PM | D153: 1 | E153: 1 | F153: 0 | G153: 4.87
A154: 46306 | B154: 3 West | C154: 11:30 AM | D154: 2 | E154: 2 | F154: 0 | G154: 13.75
A155: 46306 | B155: 2 East | C155: 11:30 AM | D155: 6 | E155: 3 | F155: 3 | G155: 44.15
A156: 46307 | B156: 2 East | C156: 8:30 AM | D156: 3 | E156: 1 | F156: 2 | G156: 5.5
A157: 46307 | B157: 3 West | C157: 8:30 AM | D157: 4 | E157: 4 | F157: 0 | G157: 35.07
A158: 46307 | B158: 2 East | C158: 11:30 AM | D158: 2 | E158: 0 | F158: 2 | G158: 3.93
... A171: 46312 | B171: 3 West | C171: 7:00 PM | D171: 2 | E171: 2 | F171: 0 | G171: 4.79
A172: 2026-10-19 | B172: 3 West | C172: 1:30 PM | D172: 5 | E172: 4 | F172: 1 | G172: 26.40
A173: 2026-10-19 | B173: ICU | C173: 1:30 PM | D173: 1 | E173: 0 | F173: 1 | G173: 2.61
A174: 2026-10-19 | B174: 2 East | C174: 1:30 PM | D174: 7 | E174: 3 | F174: 4 | G174: 30.68
A175: 2026-10-20 | B175: 3 West | C175: 0.45833333 | D175: 9 | E175: 2 | F175: 7 | G175: 17.6
A176: 2026-10-20 | B176: 2 East | C176: 0.45833333 | D176: 5 | E176: 2 | F176: 3 | G176: 21.23
A177: 2026-10-20 | B177: ICU | C177: 0.45833333 | D177: 1 | E177: 0 | F177: 1 | G177: 0.94
A178: 46315 | B178: 2 East | C178: 12:30 PM | D178: 2 | E178: 2 | F178: 0 | G178: 10.37
A179: 46315 | B179: 3 West | C179: 12:30 PM | D179: 2 | E179: 2 | F179: 0 | G179: 10.54
A180: 2026-10-21 | B180: 3 West | C180: 1:30 PM | D180: 5 | E180: 5 | F180: 0 | G180: 62.14
A181: 2026-10-21 | B181: 2 East | C181: 1:30 PM | D181: 4 | E181: 0 | F181: 4 | G181: 9.67

Sheet Summary
A1: SELECT MENU — SUMMARY
A2: Auto-updates as new rows are added to the Patient Log sheet.
A4: Patient Interaction Times | B4: Minutes
A5: Minimum Interaction Time | B5: {=MIN(IF(Patient_Log!F16:F1024>=1,Patient_Log!F16:F1024))} -> 1
A6: Maximum Interaction Time | B6: {=MAX(IF(Patient_Log!F16:F1024>=1,Patient_Log!F16:F1024))} -> 47.21
A7: Average Interaction Time | B7: =AVERAGEIF(Patient_Log!F16:F1024,"<>0") -> 5.5995607
A9: Total Patients Seen (all time) | B9: =SUM(Unit_Log!E2:E994) -> 461
A11: Session Durations | B11: Minutes
A12: Minimum Duration | B12: {=MIN(IF(Unit_Log!G2:G994>=1,Unit_Log!G2:G994))} -> 1
A13: Maximum Duration | B13: {=MAX(IF(Unit_Log!G8:G994>=1,Unit_Log!G8:G994))} -> 78.23

Sheet Data Dictionary
A1: Column | B1: Description | C1: Type | D1: Notes
A2: Date | B2: Date of visit | C2: Input (YYYY-MM-DD) | D2: Keep format consistent for Power BI
A3: Unit | B3: Patient care unit | C3: Input | D3: 3 West or 2 East
A4: Visit_Window | B4: Time window of visit | C4: Input | D4: 8:00 AM, 11:00 AM, or 2:30 PM
A5: Room | B5: Patient room number | C5: Input
A6: Available | B6: Whether patient was seen | C6: Input | D6: Yes or No
A7: Interaction_Time_Min | B7: Time spent with patient in minutes | C7: Input | D7: Exported from Visit Tracker website; blank if unavailable
A8: Notes | B8: Optional notes per patient | C8: Input | D8: Exported from Visit Tracker website
A9: Unit_Time_Min | B9: Total time spent on that unit including walking | C9: Input | D9: Exported from Visit Tracker website
A10: Combined_Duration_Min | B10: Total time on both units combined | C10: Input | D10: Exported from Visit Tracker website; same value repeats for all rows in a session
A12: POWER BI CALCULATED METRICS
A13: Patients_Attempted | B13: COUNTA of rows per date + unit + visit window | C13: Power BI measure
A14: Patients_Seen | B14: COUNTIF Available = Yes | C14: Power BI measure
A15: Patients_Unavailable | B15: COUNTIF Available = No | C15: Power BI measure
A16: Avg_Interaction_Time_Min | B16: AVERAGE of Interaction_Time_Min per session | C16: Power BI measure
A17: Min_Interaction_Time_Min | B17: MIN of Interaction_Time_Min | C17: Power BI measure
A18: Max_Interaction_Time_Min | B18: MAX of Interaction_Time_Min | C18: Power BI measure
A19: Contact_Rate_Pct | B19: Patients_Seen / Patients_Attempted * 100 | C19: Power BI measure
A24: Reasons for No Visit List
A25: Discharged/Transferred
A26: With Provider
A27: Sleeping/Incapacitated
A28: Not in Room
A29: Isolation/Precaution
A30: Other
